{
  "mean_iou": 0.3755161598951201,
  "inference_time_ms": 7.517278842304063,
  "per_class": {
    "Clean": {
      "iou": 0.9499626755714417,
      "precision": 0.9638652886663165,
      "recall": 0.9850348574774606,
      "f1": 0.9743245024468655
    },
    "Material_loss": {
      "iou": 0.8194501655442374,
      "precision": 0.9228499702044896,
      "recall": 0.8792211668831962,
      "f1": 0.900460871966174
    },
    "Peel": {
      "iou": 0.6532965047018868,
      "precision": 0.8570895961352757,
      "recall": 0.733241719858987,
      "f1": 0.7899834797965138
    },
    "Dust": {
      "iou": 0.0,
      "precision": null,
      "recall": 0.0,
      "f1": null
    },
    "Scratch": {
      "iou": 0.23579187784343958,
      "precision": 0.4727138496403183,
      "recall": 0.3165783372574619,
      "f1": 0.3612248638035981
    },
    "Hair": {
      "iou": 0.0,
      "precision": null,
      "recall": 0.0,
      "f1": null
    },
    "Dirt": {
      "iou": 0.2566948245678629,
      "precision": 0.625370706830706,
      "recall": 0.3047065798725401,
      "f1": 0.3924785846462625
    },
    "Fold": {
      "iou": 0.5040552914142609,
      "precision": 0.7193307110241481,
      "recall": 0.6270410418510437,
      "f1": 0.6678856760773966
    },
    "Writing": {
      "iou": 0.5315968181405749,
      "precision": 0.7795101744788033,
      "recall": 0.6171360101018634,
      "f1": 0.6795730245387474
    },
    "Cracks": {
      "iou": 0.29000063453401836,
      "precision": 0.5475685894489288,
      "recall": 0.3972137102058956,
      "f1": 0.4406877431768016
    },
    "Staining": {
      "iou": 0.5247357487678528,
      "precision": 0.8187829256057739,
      "recall": 0.5981645158358982,
      "f1": 0.6866681082055142
    },
    "Stamp": {
      "iou": 0.6056561668713888,
      "precision": 0.8922970533370972,
      "recall": 0.6809681355953217,
      "f1": 0.8330169934734022
    },
    "Sticker": {
      "iou": 0.0,
      "precision": null,
      "recall": 0.0,
      "f1": null
    },
    "Puncture": {
      "iou": 0.0,
      "precision": null,
      "recall": 0.0,
      "f1": null
    },
    "Burn_marks": {
      "iou": 0.0,
      "precision": null,
      "recall": 0.0,
      "f1": null
    },
    "Lightleak": {
      "iou": 0.6370178503649575,
      "precision": 0.8709917664527893,
      "recall": 0.6943588597433907,
      "f1": 0.768197376396109
    }
  }
}