{
  "method": "inverse_sqrt_log_scaled",
  "num_images": 1458,
  "weights": [
    0.08060001441266779,
    0.34168524311062354,
    0.3226810175948071,
    1.1030964610392895,
    0.8256388985691503,
    1.4021508809525884,
    0.8127172061171232,
    0.7294071596880572,
    1.1699580195938704,
    0.5864364878887727,
    0.605078771387871,
    1.5385596790141745,
    1.0520928775589933,
    1.7275606864909365,
    2.9319900709415405,
    0.7703465256395351
  ],
  "original_weights": [
    0.0134997430468292,
    0.07105593670338314,
    0.0660241316589675,
    0.46580018740479595,
    0.26588842285116393,
    0.8051351706390815,
    0.25853533107967264,
    0.21454875856909233,
    0.5284691486188179,
    0.15126757350625933,
    0.15873573806257504,
    1.0214700571744195,
    0.4222307015019923,
    1.4091991793745295,
    9.912694658675974,
    0.23544526113244565
  ],
  "scale_factor": 10.0
}