{
  "weights": [
    0.0134997430468292,
    0.07105593670338314,
    0.0660241316589675,
    0.46580018740479595,
    0.26588842285116393,
    0.8051351706390815,
    0.25853533107967264,
    0.21454875856909233,
    0.5284691486188179,
    0.15126757350625933,
    0.15873573806257504,
    1.0214700571744195,
    0.4222307015019923,
    1.4091991793745295,
    9.912694658675974,
    0.23544526113244565
  ],
  "counts": [
    7274594429.0,
    262578433.0,
    304126591.0,
    6110271.0,
    18752576.0,
    2045136.0,
    19834442.0,
    28801014.0,
    4747014.0,
    57938615.0,
    52615095.0,
    1270599.0,
    7436356.0,
    667598.0,
    13492.0,
    23915523.0
  ],
  "method": "inverse_sqrt",
  "num_images": 1458,
  "total_pixels": 8065447184
}