{
  "method": "inverse_sqrt_log_scaled",
  "num_images": 1668,
  "weights": [
    2.2995809997508037,
    3.0,
    3.0,
    3.0,
    3.0,
    3.0,
    3.0,
    3.0,
    3.0,
    3.0,
    3.0,
    3.0,
    3.0,
    3.0,
    3.0,
    3.0
  ],
  "original_weights": [
    0.7239904625283994,
    1.8735569761673379,
    1.748078083225454,
    4.120308607871445,
    3.146097021323004,
    4.831532599146371,
    2.9992928669607024,
    2.5131497133998533,
    3.5823613783680237,
    2.653651099318518,
    2.4244114219107127,
    3.8846718650159513,
    3.452082572626733,
    4.231409973575491,
    5.591093311322195,
    2.5980427473529413
  ],
  "scale_factor": 10.0
}