{
  "mean_iou": 0.3068678635851635,
  "inference_time_ms": 7.074499448788338,
  "per_class": {
    "Clean": {
      "iou": 0.9280005544424057,
      "precision": 0.9464758634567261,
      "recall": 0.9794062823057175,
      "f1": 0.9626541648544035
    },
    "Material_loss": {
      "iou": 0.7068475633859634,
      "precision": 0.8728082776069641,
      "recall": 0.7875721305608749,
      "f1": 0.8277470723819098
    },
    "Peel": {
      "iou": 0.5201053246855736,
      "precision": 0.7844630628824234,
      "recall": 0.606852263212204,
      "f1": 0.6834652226905378
    },
    "Dust": {
      "iou": 0.0,
      "precision": null,
      "recall": 0.0,
      "f1": null
    },
    "Scratch": {
      "iou": 0.025761367054656148,
      "precision": 0.05600283551029861,
      "recall": 0.04803139436990023,
      "f1": 0.049503619263648165
    },
    "Hair": {
      "iou": 0.0,
      "precision": null,
      "recall": 0.0,
      "f1": null
    },
    "Dirt": {
      "iou": 0.07862111181020737,
      "precision": 0.16817920096218586,
      "recall": 0.1251439591869712,
      "f1": 0.14168264559727844
    },
    "Fold": {
      "iou": 0.32839978486299515,
      "precision": 0.5594429820775986,
      "recall": 0.44486770033836365,
      "f1": 0.49159134635431634
    },
    "Writing": {
      "iou": 0.24918670766055584,
      "precision": 0.6843074932694435,
      "recall": 0.3034201096743345,
      "f1": 0.3834634986619476
    },
    "Cracks": {
      "iou": 0.10180263896472752,
      "precision": 0.2932256646454334,
      "recall": 0.18422164185903966,
      "f1": 0.17825180062362772
    },
    "Staining": {
      "iou": 0.13751575350761414,
      "precision": 0.6917822808027267,
      "recall": 0.1460060477256775,
      "f1": 0.23026602395913615
    },
    "Stamp": {
      "iou": 0.0,
      "precision": null,
      "recall": 0.0,
      "f1": null
    },
    "Sticker": {
      "iou": 0.6250454187393188,
      "precision": 0.851404865582784,
      "recall": 0.6954458157221476,
      "f1": 0.7497963317991778
    },
    "Puncture": {
      "iou": 0.690279463926951,
      "precision": 0.9131898283958435,
      "recall": 0.737873375415802,
      "f1": 0.8037548998765712
    },
    "Burn_marks": {
      "iou": 0.0,
      "precision": null,
      "recall": 0.0,
      "f1": null
    },
    "Lightleak": {
      "iou": 0.5183201283216476,
      "precision": 0.8366092890501022,
      "recall": 0.5701711028814316,
      "f1": 0.6769964942287058
    }
  }
}