{
  "mean_iou": 0.2707055070786737,
  "inference_time_ms": 7.278804221878881,
  "per_class": {
    "Clean": {
      "iou": 0.9329264909029007,
      "precision": 0.9482517838478088,
      "recall": 0.9829903244972229,
      "f1": 0.9652976637512075
    },
    "Material_loss": {
      "iou": 0.7177700847387314,
      "precision": 0.8721806108951569,
      "recall": 0.8009655475616455,
      "f1": 0.8349777516992567
    },
    "Peel": {
      "iou": 0.5261623337864876,
      "precision": 0.797875314950943,
      "recall": 0.6089620888233185,
      "f1": 0.6888701978857869
    },
    "Cracks": {
      "iou": 0.0,
      "precision": null,
      "recall": 0.0,
      "f1": null
    },
    "Structural_defects": {
      "iou": 0.06212562136352062,
      "precision": 0.10554158850573003,
      "recall": 0.12732542352750897,
      "f1": 0.1081540158753995
    },
    "Dirt_spots": {
      "iou": 0.0,
      "precision": null,
      "recall": 0.0,
      "f1": null
    },
    "Stains": {
      "iou": 0.09395743161439896,
      "precision": 0.38047149032354355,
      "recall": 0.10934859048575163,
      "f1": 0.16800618625433122
    },
    "Discolouration": {
      "iou": 0.3912506252527237,
      "precision": 0.6149599403142929,
      "recall": 0.516698993742466,
      "f1": 0.5597025910319772
    },
    "Scratches": {
      "iou": 0.33975130319595337,
      "precision": 0.6877398416399956,
      "recall": 0.4091966152191162,
      "f1": 0.5039524642394174
    },
    "Burn_marks": {
      "iou": 0.11112959031015635,
      "precision": 0.3656115159392357,
      "recall": 0.165717757306993,
      "f1": 0.19636781154756
    },
    "Hairs": {
      "iou": 0.26253995299339294,
      "precision": 0.7456925958395004,
      "recall": 0.2971601504832506,
      "f1": 0.40608914086068315
    },
    "Dust_spots": {
      "iou": 0.0,
      "precision": null,
      "recall": 0.0,
      "f1": null
    },
    "Lightleak": {
      "iou": 0.40429646521806717,
      "precision": 0.6006764471530914,
      "recall": 0.6002087990442911,
      "f1": 0.6805751917143249
    },
    "Fading": {
      "iou": 0.0,
      "precision": null,
      "recall": 0.0,
      "f1": null
    },
    "Blur": {
      "iou": 0.0,
      "precision": null,
      "recall": 0.0,
      "f1": null
    },
    "Other_damage": {
      "iou": 0.4893782138824463,
      "precision": 0.8646594434976578,
      "recall": 0.5231243371963501,
      "f1": 0.6473661651145238
    }
  }
}