{
  "mean_iou": 0.3716312283222322,
  "inference_time_ms": 8.283140510320663,
  "per_class": {
    "Clean": {
      "iou": 0.9495091259479522,
      "precision": 0.965069568157196,
      "recall": 0.9832314848899841,
      "f1": 0.974047853944741
    },
    "Material_loss": {
      "iou": 0.8263202667236328,
      "precision": 0.9407468855381012,
      "recall": 0.8713802099227905,
      "f1": 0.9040988452311632
    },
    "Peel": {
      "iou": 0.6473996996879577,
      "precision": 0.8409250974655151,
      "recall": 0.7367164433002472,
      "f1": 0.7837518897310575
    },
    "Cracks": {
      "iou": 0.0,
      "precision": null,
      "recall": 0.0,
      "f1": null
    },
    "Structural_defects": {
      "iou": 0.0,
      "precision": null,
      "recall": 0.0,
      "f1": null
    },
    "Dirt_spots": {
      "iou": 0.0,
      "precision": null,
      "recall": 0.0,
      "f1": null
    },
    "Stains": {
      "iou": 0.0,
      "precision": 0.0,
      "recall": 0.0,
      "f1": 0.0
    },
    "Discolouration": {
      "iou": 0.5178221298588647,
      "precision": 0.6918183101548089,
      "recall": 0.6776645713382297,
      "f1": 0.6806674434821157
    },
    "Scratches": {
      "iou": 0.42434933260083196,
      "precision": 0.6967971722284952,
      "recall": 0.5461397890001536,
      "f1": 0.6118910009731947
    },
    "Burn_marks": {
      "iou": 0.23460859888129765,
      "precision": 0.46973419189453125,
      "recall": 0.36968085335360634,
      "f1": 0.3719358768288917
    },
    "Hairs": {
      "iou": 0.5399753153324127,
      "precision": 0.807135608461168,
      "recall": 0.6181020538012186,
      "f1": 0.6889064984536802
    },
    "Dust_spots": {
      "iou": 0.507209187746048,
      "precision": 0.5481054544448852,
      "recall": 0.8869875222444534,
      "f1": 0.7638045924129161
    },
    "Lightleak": {
      "iou": 0.31450287662446497,
      "precision": 0.5621989905834198,
      "recall": 0.44655425986275077,
      "f1": 0.47412491802681633
    },
    "Fading": {
      "iou": 0.0,
      "precision": null,
      "recall": 0.0,
      "f1": null
    },
    "Blur": {
      "iou": null,
      "precision": null,
      "recall": null,
      "f1": null
    },
    "Other_damage": {
      "iou": 0.6127718914300203,
      "precision": 0.8151798605918884,
      "recall": 0.6850169852375985,
      "f1": 0.7273218737266263
    }
  }
}