{
  "mean_iou": 0.356391958556478,
  "inference_time_ms": 8.583599612826392,
  "per_class": {
    "Clean": {
      "iou": 0.9535049540655953,
      "precision": 0.964950042111533,
      "recall": 0.9876863701002938,
      "f1": 0.9761727914934921
    },
    "Material_loss": {
      "iou": 0.8407593710081918,
      "precision": 0.9554409384727478,
      "recall": 0.8748232211385455,
      "f1": 0.9129579210568898
    },
    "Peel": {
      "iou": 0.658839293888637,
      "precision": 0.888147805418287,
      "recall": 0.7190843820571899,
      "f1": 0.792520123236131
    },
    "Cracks": {
      "iou": 0.0,
      "precision": null,
      "recall": 0.0,
      "f1": null
    },
    "Structural_defects": {
      "iou": 0.0,
      "precision": null,
      "recall": 0.0,
      "f1": null
    },
    "Dirt_spots": {
      "iou": 0.0,
      "precision": null,
      "recall": 0.0,
      "f1": null
    },
    "Stains": {
      "iou": 0.0,
      "precision": 0.0,
      "recall": 0.0,
      "f1": 0.0
    },
    "Discolouration": {
      "iou": 0.5191384355227152,
      "precision": 0.6999654670556387,
      "recall": 0.6673878729343414,
      "f1": 0.6810071389742589
    },
    "Scratches": {
      "iou": 0.4788708133356912,
      "precision": 0.7069258093833923,
      "recall": 0.6233273233686175,
      "f1": 0.7125962390057362
    },
    "Burn_marks": {
      "iou": 0.24607903758684793,
      "precision": 0.46904777983824414,
      "recall": 0.37784167379140854,
      "f1": 0.39171053745375223
    },
    "Hairs": {
      "iou": 0.44309578623090473,
      "precision": 0.7077772532190595,
      "recall": 0.5698790152867635,
      "f1": 0.6694652021655804
    },
    "Dust_spots": {
      "iou": 0.0,
      "precision": null,
      "recall": 0.0,
      "f1": null
    },
    "Lightleak": {
      "iou": 0.4850823193788528,
      "precision": 0.9192719340324402,
      "recall": 0.5103674203157424,
      "f1": 0.6120970563531027
    },
    "Fading": {
      "iou": 0.0,
      "precision": null,
      "recall": 0.0,
      "f1": null
    },
    "Blur": {
      "iou": null,
      "precision": null,
      "recall": null,
      "f1": null
    },
    "Other_damage": {
      "iou": 0.7205093673297337,
      "precision": 0.8831497601100377,
      "recall": 0.7924648438181195,
      "f1": 0.8344180587641514
    }
  }
}