{
  "mean_iou": 0.357442574853277,
  "inference_time_ms": 7.533318106678948,
  "per_class": {
    "Clean": {
      "iou": 0.9461246728897095,
      "precision": 0.9596704500062125,
      "recall": 0.985298216342926,
      "f1": 0.9723014583328711
    },
    "Material_loss": {
      "iou": 0.7724938818386623,
      "precision": 0.9245225702013288,
      "recall": 0.8250003031321934,
      "f1": 0.8701395032048131
    },
    "Peel": {
      "iou": 0.6340806313923427,
      "precision": 0.8401117154530117,
      "recall": 0.722402206489018,
      "f1": 0.7757057606984178
    },
    "Cracks": {
      "iou": 0.0,
      "precision": null,
      "recall": 0.0,
      "f1": null
    },
    "Structural_defects": {
      "iou": 0.1167435511680586,
      "precision": 0.3661446371780975,
      "recall": 0.15372619086078235,
      "f1": 0.201618077070501
    },
    "Dirt_spots": {
      "iou": 0.0,
      "precision": null,
      "recall": 0.0,
      "f1": null
    },
    "Stains": {
      "iou": 0.25968387935842785,
      "precision": 0.6012258572237832,
      "recall": 0.31263365702969687,
      "f1": 0.39865844739872885
    },
    "Discolouration": {
      "iou": 0.4736282357147762,
      "precision": 0.675182010446276,
      "recall": 0.6140674224921635,
      "f1": 0.6391326625030753
    },
    "Scratches": {
      "iou": 0.570816593510764,
      "precision": 0.7719113315854754,
      "recall": 0.6795719053064074,
      "f1": 0.7129069340476194
    },
    "Burn_marks": {
      "iou": 0.2708772931780134,
      "precision": 0.5465863304478782,
      "recall": 0.36964901643139975,
      "f1": 0.4185571872681078
    },
    "Hairs": {
      "iou": 0.3711958889450346,
      "precision": 0.8084440657070705,
      "recall": 0.4109554886817932,
      "f1": 0.5292510080649864
    },
    "Dust_spots": {
      "iou": 0.0,
      "precision": null,
      "recall": 0.0,
      "f1": null
    },
    "Lightleak": {
      "iou": 0.7092105627059937,
      "precision": 0.9387392103672028,
      "recall": 0.7527201294898986,
      "f1": 0.9393910839539922
    },
    "Fading": {
      "iou": 0.0,
      "precision": null,
      "recall": 0.0,
      "f1": null
    },
    "Blur": {
      "iou": 0.0,
      "precision": null,
      "recall": 0.0,
      "f1": null
    },
    "Other_damage": {
      "iou": 0.5942260069506509,
      "precision": 0.8574738843100411,
      "recall": 0.6491395064762661,
      "f1": 0.736235924461032
    }
  }
}