{
  "timestamp": "2025-11-19 22:53:23",
  "models": [
    {
      "name": "tu-convnext_tiny",
      "mean_iou": 0.2707055070786737,
      "mean_precision": 0.6348782339006324,
      "mean_recall": 0.3213561642429946,
      "mean_f1": 0.5235781072704062,
      "inference_time_ms": 7.278804221878881
    },
    {
      "name": "mit_b3",
      "mean_iou": 0.40365514266304675,
      "mean_precision": 0.7565406065923397,
      "mean_recall": 0.46867815184717376,
      "mean_f1": 0.6853733580078378,
      "inference_time_ms": 7.9624424507091565
    },
    {
      "name": "tu-maxvit_tiny_tf_384",
      "mean_iou": 0.357442574853277,
      "mean_precision": 0.7536374602660342,
      "mean_recall": 0.40469775267078406,
      "mean_f1": 0.6539907315458314,
      "inference_time_ms": 7.533318106678948
    }
  ]
}