{
  "mean_iou": 0.254742179521256,
  "inference_time_ms": 8.97796762486299,
  "per_class": {
    "Clean": {
      "iou": 0.9327313154935837,
      "precision": 0.9500135779380798,
      "recall": 0.9808709025382996,
      "f1": 0.965173034510617
    },
    "Material_loss": {
      "iou": 0.7302200794219971,
      "precision": 0.924300491809845,
      "recall": 0.7777854353189468,
      "f1": 0.8440366243508212
    },
    "Peel": {
      "iou": 0.5195545256137848,
      "precision": 0.802893802523613,
      "recall": 0.5997124835848808,
      "f1": 0.6819363792180144
    },
    "Cracks": {
      "iou": 0.0,
      "precision": null,
      "recall": 0.0,
      "f1": null
    },
    "Structural_defects": {
      "iou": 0.062403387390077114,
      "precision": 0.15664944984018803,
      "recall": 0.11901030192772548,
      "f1": 0.15095098293714368
    },
    "Dirt_spots": {
      "iou": 0.0,
      "precision": null,
      "recall": 0.0,
      "f1": null
    },
    "Stains": {
      "iou": 0.0,
      "precision": 0.0,
      "recall": 0.0,
      "f1": 0.0
    },
    "Discolouration": {
      "iou": 0.35499494274457294,
      "precision": 0.6185542345046997,
      "recall": 0.4548396368821462,
      "f1": 0.5235231470741654
    },
    "Scratches": {
      "iou": 0.22662217542529106,
      "precision": 0.3850909247994423,
      "recall": 0.346041027456522,
      "f1": 0.3427400652105525
    },
    "Burn_marks": {
      "iou": 0.09396711643785238,
      "precision": 0.18419551849365234,
      "recall": 0.23987126350402832,
      "f1": 0.21596797151667943
    },
    "Hairs": {
      "iou": 0.2656995356082916,
      "precision": 0.5819678753614426,
      "recall": 0.39180081089337665,
      "f1": 0.5184520063171668
    },
    "Dust_spots": {
      "iou": 0.0,
      "precision": null,
      "recall": 0.0,
      "f1": null
    },
    "Lightleak": {
      "iou": 0.14661839976906776,
      "precision": 0.26346638798713684,
      "recall": 0.22340134531259537,
      "f1": 0.21769132908671052
    },
    "Fading": {
      "iou": 0.0,
      "precision": null,
      "recall": 0.0,
      "f1": null
    },
    "Blur": {
      "iou": null,
      "precision": null,
      "recall": null,
      "f1": null
    },
    "Other_damage": {
      "iou": 0.4883212149143219,
      "precision": 0.7655478566884995,
      "recall": 0.5700636059045792,
      "f1": 0.6497045724947437
    }
  }
}