{
  "mean_iou": 0.3564175668993399,
  "inference_time_ms": 8.051884542037914,
  "per_class": {
    "Clean": {
      "iou": 0.9446639743718234,
      "precision": 0.963081034747037,
      "recall": 0.9801740646362305,
      "f1": 0.9715395759839572
    },
    "Material_loss": {
      "iou": 0.7769394029270519,
      "precision": 0.9206338308074258,
      "recall": 0.8313391262834723,
      "f1": 0.871246939012634
    },
    "Peel": {
      "iou": 0.6106951399282976,
      "precision": 0.799470760605552,
      "recall": 0.7185385714877736,
      "f1": 0.7558473302772981
    },
    "Dust": {
      "iou": 0.0,
      "precision": 0.0,
      "recall": 0.0,
      "f1": 0.0
    },
    "Scratch": {
      "iou": 0.205240206962282,
      "precision": 0.4392308782447468,
      "recall": 0.30063720494508744,
      "f1": 0.345406729635599
    },
    "Hair": {
      "iou": 0.0,
      "precision": null,
      "recall": 0.0,
      "f1": null
    },
    "Dirt": {
      "iou": 0.14941641578281467,
      "precision": 0.4959743216633797,
      "recall": 0.1836330502886664,
      "f1": 0.26469760352490906
    },
    "Fold": {
      "iou": 0.48920733549378137,
      "precision": 0.6714756813916293,
      "recall": 0.6439312669363889,
      "f1": 0.652116548465449
    },
    "Writing": {
      "iou": 0.5056392401456833,
      "precision": 0.7183167994022369,
      "recall": 0.6453377962112427,
      "f1": 0.6574623325287974
    },
    "Cracks": {
      "iou": 0.2845641567625783,
      "precision": 0.5290793370116841,
      "recall": 0.3856943354687907,
      "f1": 0.41970490022869594
    },
    "Staining": {
      "iou": 0.41927962546998804,
      "precision": 0.7210634296590631,
      "recall": 0.47596015442501416,
      "f1": 0.5500466668914913
    },
    "Stamp": {
      "iou": 0.0,
      "precision": null,
      "recall": 0.0,
      "f1": null
    },
    "Sticker": {
      "iou": 0.6847004890441895,
      "precision": 0.7466637015342712,
      "recall": 0.9118650555610657,
      "f1": 0.9214523449525625
    },
    "Puncture": {
      "iou": 0.0,
      "precision": null,
      "recall": 0.0,
      "f1": null
    },
    "Burn_marks": {
      "iou": 6.599091945893385e-05,
      "precision": 7.00108516453342e-05,
      "recall": 0.012484394945204258,
      "f1": 0.0014507471370181274
    },
    "Lightleak": {
      "iou": 0.6322690925814889,
      "precision": 0.8650846427137201,
      "recall": 0.6927660649473016,
      "f1": 0.7630641475828771
    }
  }
}