{
  "mean_iou": 0.40365514266304675,
  "inference_time_ms": 7.9624424507091565,
  "per_class": {
    "Clean": {
      "iou": 0.9472070336341858,
      "precision": 0.9621147242459384,
      "recall": 0.9839162609793923,
      "f1": 0.9728838567960282
    },
    "Material_loss": {
      "iou": 0.7905627705834128,
      "precision": 0.9202689636837352,
      "recall": 0.8467515815388073,
      "f1": 0.8812545619647921
    },
    "Peel": {
      "iou": 0.6275468197735873,
      "precision": 0.8470217423005537,
      "recall": 0.705304432999004,
      "f1": 0.7691215074310157
    },
    "Cracks": {
      "iou": 0.0,
      "precision": null,
      "recall": 0.0,
      "f1": null
    },
    "Structural_defects": {
      "iou": 0.2418506532907486,
      "precision": 0.4823276072740555,
      "recall": 0.3341581135988235,
      "f1": 0.36576179036704143
    },
    "Dirt_spots": {
      "iou": 0.0,
      "precision": null,
      "recall": 0.0,
      "f1": null
    },
    "Stains": {
      "iou": 0.2105776538903063,
      "precision": 0.5679566959540049,
      "recall": 0.269381392408501,
      "f1": 0.3985625839053688
    },
    "Discolouration": {
      "iou": 0.4850013554096222,
      "precision": 0.6817749196832831,
      "recall": 0.6263211586258628,
      "f1": 0.6490941780428868
    },
    "Scratches": {
      "iou": 0.5680400252342224,
      "precision": 0.7511279195547104,
      "recall": 0.6954063683748245,
      "f1": 0.7138732532872364
    },
    "Burn_marks": {
      "iou": 0.27459733696146443,
      "precision": 0.5417685806751251,
      "recall": 0.3743719621138139,
      "f1": 0.40959052565802045
    },
    "Hairs": {
      "iou": 0.47891898317770526,
      "precision": 0.8045406612482938,
      "recall": 0.5418850928544998,
      "f1": 0.6222487810497238
    },
    "Dust_spots": {
      "iou": 0.5209643344084421,
      "precision": 0.8635848015546799,
      "recall": 0.5952929059664408,
      "f1": 0.8769148699565166
    },
    "Lightleak": {
      "iou": 0.0,
      "precision": null,
      "recall": 0.0,
      "f1": null
    },
    "Fading": {
      "iou": 0.6755404969056448,
      "precision": 0.7953302264213562,
      "recall": 0.8248982826868693,
      "f1": 0.7974463778054596
    },
    "Blur": {
      "iou": 0.0,
      "precision": null,
      "recall": 0.0,
      "f1": null
    },
    "Other_damage": {
      "iou": 0.6376748193394054,
      "precision": 0.8606704365123402,
      "recall": 0.7011628774079409,
      "f1": 0.7677280098299644
    }
  }
}